{
  "model": {
    "label": "Модель",
    "tooltip": "Выбор радиомодели.",
    "whats_this": "LoRa/ЛЧМ/иное"
  },
  "atten_model": {
    "label": "Модель затуханий",
    "tooltip": "FSPL/Окумура/ITU и т.д.",
    "whats_this": "Определяет формулы потерь."
  },
  "terrain_morphology": {
    "label": "Морфология профиля",
    "tooltip": "Рельеф/подстилающая поверхность.",
    "whats_this": "Равнина/холмы/горы и т.д."
  },
  "earth_curvature": {
    "label": "Учёт кривизны",
    "tooltip": "Учитывать кривизну и рефракцию.",
    "whats_this": "Требует k‑фактор."
  },
  "k_factor": {
    "label": "K‑фактор",
    "tooltip": "Эффективный радиус Земли.",
    "whats_this": "Типично 4/3."
  },
  "profile_step_m": {
    "label": "Шаг профиля (м)",
    "tooltip": "Дискретизация профиля.",
    "whats_this": "Меньше — точнее/медленнее."
  },
  "clutter_class": {
    "label": "Застройка/растительность",
    "tooltip": "Класс clutter.",
    "whats_this": "Край леса, кроны, здания."
  },
  "ground_eps_r": {
    "label": "εr грунта",
    "tooltip": "Диэлектрическая проницаемость.",
    "whats_this": "3–15 тип."
  },
  "ground_sigma_s": {
    "label": "σ грунта (См/м)",
    "tooltip": "Проводимость поверхности.",
    "whats_this": "0.001–0.05 тип."
  },
  "rain_rate_mmph": {
    "label": "Осадки (мм/ч)",
    "tooltip": "Для дождевых потерь.",
    "whats_this": "ITU‑R P.838."
  },
  "gas_loss_db_km": {
    "label": "Газовые потери (дБ/км)",
    "tooltip": "Поглощение газами.",
    "whats_this": "Значимо на Ku/Ka."
  },
  "pol": {
    "label": "Поляризация",
    "tooltip": "V/H/слант.",
    "whats_this": "Несовпадение даёт потери."
  },
  "ant_height_ref": {
    "label": "Отсчёт высот",
    "tooltip": "AGL/AMSL.",
    "whats_this": "Система отсчёта для h_TX/h_RX."
  },
  "env": {
    "label": "Местность",
    "tooltip": "Тип окружения.",
    "whats_this": "Город/Пригород/Село/Равнина/Лес/Водоём/Река"
  },
  "env_options": [
    {
      "label": "Городская",
      "key": "urban"
    },
    {
      "label": "Пригород",
      "key": "suburban"
    },
    {
      "label": "Село/Дерев",
      "key": "village"
    },
    {
      "label": "Равнинная",
      "key": "plain"
    },
    {
      "label": "Лес",
      "key": "forest"
    },
    {
      "label": "Водоём",
      "key": "sea"
    },
    {
      "label": "Река",
      "key": "river"
    }
  ],
  "f_mhz": {
    "label": "Частота (МГц)",
    "tooltip": "Несущая.",
    "whats_this": "напр. 868.0"
  },
  "bw_mhz": {
    "label": "Полоса (МГц)",
    "tooltip": "Ширина канала.",
    "whats_this": "0.125 для 125 кГц"
  },
  "sf": {
    "label": "SF",
    "tooltip": "7..12.",
    "whats_this": "Больше — чувствительнее/медленнее."
  },
  "cr": {
    "label": "CR",
    "tooltip": "4/5..4/8.",
    "whats_this": "Влияет на требуемый SNR."
  },
  "p_tx_dbm": {
    "label": "P_tx (дБм)",
    "tooltip": "Мощность TX.",
    "whats_this": ""
  },
  "g_tx_db": {
    "label": "G_tx (дБи)",
    "tooltip": "Усиление TX.",
    "whats_this": ""
  },
  "g_rx_db": {
    "label": "G_rx (дБи)",
    "tooltip": "Усиление RX.",
    "whats_this": ""
  },
  "l_tx_line_db": {
    "label": "Потери TX (дБ)",
    "tooltip": "Кабели/фильтры.",
    "whats_this": ""
  },
  "l_rx_line_db": {
    "label": "Потери RX (дБ)",
    "tooltip": "Кабели/фильтры.",
    "whats_this": ""
  },
  "h_tx_m": {
    "label": "h_TX (м)",
    "tooltip": "0.1–12000 м.",
    "whats_this": ""
  },
  "h_rx_m": {
    "label": "h_RX (м)",
    "tooltip": "0.1–12000 м.",
    "whats_this": ""
  },
  "d_km": {
    "label": "Дистанция (км)",
    "tooltip": "Горизонтальная дистанция.",
    "whats_this": ""
  },
  "sigma_db": {
    "label": "σ (дБ)",
    "tooltip": "Логнорм. шадоуинг.",
    "whats_this": ""
  },
  "fade_p": {
    "label": "Fade p (%)",
    "tooltip": "Вероятность падения.",
    "whats_this": ""
  },
  "required_snr_db": {
    "label": "Требуемый SNR (дБ)",
    "tooltip": "От SF/CR.",
    "whats_this": ""
  },
  "sensitivity_dbm": {
    "label": "Чувствительность (дБм)",
    "tooltip": "Расчётная.",
    "whats_this": ""
  },
  "fspl_db": {
    "label": "FSPL (дБ)",
    "tooltip": "Потери свободного пространства.",
    "whats_this": ""
  },
  "link_margin_db": {
    "label": "Линк‑маржин (дБ)",
    "tooltip": "Запас линка.",
    "whats_this": ""
  },
  "logx": {
    "label": "Логарифмическая ось X",
    "tooltip": "Лог‑шкала X.",
    "whats_this": ""
  },
  "no_pow10_x": {
    "label": "Без степени по X",
    "tooltip": "Отключить 1eN.",
    "whats_this": ""
  },
  "x_range_km": {
    "label": "Предел X (км)",
    "tooltip": "Макс. дистанция X.",
    "whats_this": ""
  },
  "nf_db": {
    "label": "NF (дБ)",
    "tooltip": "Шумовой фактор RX.",
    "whats_this": ""
  },
  "notes": {
    "label": "Заметки",
    "tooltip": "Комментарий.",
    "whats_this": ""
  }
}